{
  "text": " Ich habe überhaupt gar keinen Plan, was wir hier machen, aber es ist scheißegal. Jetzt mach. Genau, arbeite, funktioniere, schlafe, mach!",
  "segments": [
    {
      "id": 0,
      "seek": 0,
      "start": 0.0,
      "end": 5.0,
      "text": " Ich habe überhaupt gar keinen Plan, was wir hier machen, aber es ist scheißegal. Jetzt mach.",
      "tokens": [
        50364,
        3141,
        6015,
        20023,
        3691,
        20624,
        8112,
        11,
        390,
        1987,
        3296,
        7069,
        11,
        4340,
        785,
        1418,
        25690,
        6230,
        38221,
        13,
        12592,
        2246,
        13,
        50614
      ],
      "temperature": 0.0,
      "avg_logprob": -0.39805551854575555,
      "compression_ratio": 1.1680672268907564,
      "no_speech_prob": 0.12337055802345276
    },
    {
      "id": 1,
      "seek": 0,
      "start": 5.0,
      "end": 10.0,
      "text": " Genau, arbeite, funktioniere, schlafe, mach!",
      "tokens": [
        50614,
        22340,
        11,
        40476,
        642,
        11,
        20454,
        14412,
        11,
        956,
        875,
        2106,
        11,
        2246,
        0,
        50864
      ],
      "temperature": 0.0,
      "avg_logprob": -0.39805551854575555,
      "compression_ratio": 1.1680672268907564,
      "no_speech_prob": 0.12337055802345276
    }
  ],
  "language": "de"
}