{
  "text": " Ah, okay, Justine.",
  "segments": [
    {
      "id": 0,
      "seek": 0,
      "start": 0.0,
      "end": 2.0,
      "text": " Ah, okay, Justine.",
      "tokens": [
        50364,
        2438,
        11,
        1392,
        11,
        1449,
        533,
        13,
        50464
      ],
      "temperature": 0.0,
      "avg_logprob": -0.992611026763916,
      "compression_ratio": 0.6923076923076923,
      "no_speech_prob": 0.04765450209379196
    }
  ],
  "language": "de"
}