{
  "text": " Sehr geehrte Damen und Herren, ich wurde darum gebeten, eine Audio aufzunehmen und auf euch zu sprechen, über Sachen, über die ich nicht weiß. So, was werde ich denn jetzt die nächsten, sagen wir mal, 30 Sekunden erzählen? Also, ich bin gerade in Stuttgart, ich bin mit der deutschen Bahn angekommen und die deutsche Bahn war sogar pünktlich, obwohl die 5 Minuten zu spät abgefahren ist, ist auch die Frage, warum ein Zug um 5 Uhr morgens Verspätung hat. Aber okay, andere Geschichte, der Zug kam pünktlich an. Genau, und den Stuttgart ist sehr heiß, am Montag sollen sogar 36 Grad werden, schmelzen. Grüße aus Stuttgart.",
  "segments": [
    {
      "id": 0,
      "seek": 0,
      "start": 0.0,
      "end": 7.0,
      "text": " Sehr geehrte Damen und Herren, ich wurde darum gebeten, eine Audio aufzunehmen und auf",
      "tokens": [
        50364,
        32028,
        40886,
        975,
        21131,
        674,
        20810,
        11,
        1893,
        11191,
        27313,
        1519,
        10671,
        268,
        11,
        3018,
        25706,
        2501,
        89,
        2613,
        9547,
        674,
        2501,
        50714
      ],
      "temperature": 0.0,
      "avg_logprob": -0.23117799537126407,
      "compression_ratio": 1.5141509433962264,
      "no_speech_prob": 0.5345602631568909
    },
    {
      "id": 1,
      "seek": 0,
      "start": 7.0,
      "end": 11.0,
      "text": " euch zu sprechen, über Sachen, über die ich nicht weiß.",
      "tokens": [
        50714,
        10403,
        2164,
        27853,
        11,
        4502,
        26074,
        11,
        4502,
        978,
        1893,
        1979,
        13385,
        13,
        50914
      ],
      "temperature": 0.0,
      "avg_logprob": -0.23117799537126407,
      "compression_ratio": 1.5141509433962264,
      "no_speech_prob": 0.5345602631568909
    },
    {
      "id": 2,
      "seek": 0,
      "start": 11.0,
      "end": 20.0,
      "text": " So, was werde ich denn jetzt die nächsten, sagen wir mal, 30 Sekunden erzählen?",
      "tokens": [
        50914,
        407,
        11,
        390,
        24866,
        1893,
        10471,
        4354,
        978,
        19101,
        11,
        8360,
        1987,
        2806,
        11,
        2217,
        24285,
        10028,
        28337,
        6698,
        30,
        51364
      ],
      "temperature": 0.0,
      "avg_logprob": -0.23117799537126407,
      "compression_ratio": 1.5141509433962264,
      "no_speech_prob": 0.5345602631568909
    },
    {
      "id": 3,
      "seek": 0,
      "start": 20.0,
      "end": 29.0,
      "text": " Also, ich bin gerade in Stuttgart, ich bin mit der deutschen Bahn angekommen und die deutsche",
      "tokens": [
        51364,
        2743,
        11,
        1893,
        5171,
        12117,
        294,
        745,
        13478,
        49330,
        11,
        1893,
        5171,
        2194,
        1163,
        39707,
        44337,
        15495,
        13675,
        674,
        978,
        47502,
        51814
      ],
      "temperature": 0.0,
      "avg_logprob": -0.23117799537126407,
      "compression_ratio": 1.5141509433962264,
      "no_speech_prob": 0.5345602631568909
    },
    {
      "id": 4,
      "seek": 2900,
      "start": 29.0,
      "end": 36.0,
      "text": " Bahn war sogar pünktlich, obwohl die 5 Minuten zu spät abgefahren ist, ist auch die Frage,",
      "tokens": [
        50364,
        44337,
        1516,
        19485,
        280,
        3412,
        2320,
        1739,
        11,
        48428,
        978,
        1025,
        27593,
        2164,
        637,
        3628,
        410,
        13529,
        7079,
        1418,
        11,
        1418,
        2168,
        978,
        13685,
        11,
        50714
      ],
      "temperature": 0.0,
      "avg_logprob": -0.16135532515389578,
      "compression_ratio": 1.3446601941747574,
      "no_speech_prob": 0.1643085479736328
    },
    {
      "id": 5,
      "seek": 2900,
      "start": 36.0,
      "end": 40.0,
      "text": " warum ein Zug um 5 Uhr morgens Verspätung hat.",
      "tokens": [
        50714,
        24331,
        1343,
        34722,
        1105,
        1025,
        30084,
        1896,
        23212,
        12226,
        79,
        3628,
        1063,
        2385,
        13,
        50914
      ],
      "temperature": 0.0,
      "avg_logprob": -0.16135532515389578,
      "compression_ratio": 1.3446601941747574,
      "no_speech_prob": 0.1643085479736328
    },
    {
      "id": 6,
      "seek": 2900,
      "start": 40.0,
      "end": 45.0,
      "text": " Aber okay, andere Geschichte, der Zug kam pünktlich an.",
      "tokens": [
        50914,
        5992,
        1392,
        11,
        10490,
        28896,
        11,
        1163,
        34722,
        9727,
        280,
        3412,
        2320,
        1739,
        364,
        13,
        51164
      ],
      "temperature": 0.0,
      "avg_logprob": -0.16135532515389578,
      "compression_ratio": 1.3446601941747574,
      "no_speech_prob": 0.1643085479736328
    },
    {
      "id": 7,
      "seek": 2900,
      "start": 45.0,
      "end": 55.0,
      "text": " Genau, und den Stuttgart ist sehr heiß, am Montag sollen sogar 36 Grad werden,",
      "tokens": [
        51164,
        22340,
        11,
        674,
        1441,
        745,
        13478,
        49330,
        1418,
        5499,
        39124,
        11,
        669,
        7947,
        559,
        24713,
        19485,
        8652,
        16710,
        4604,
        11,
        51664
      ],
      "temperature": 0.0,
      "avg_logprob": -0.16135532515389578,
      "compression_ratio": 1.3446601941747574,
      "no_speech_prob": 0.1643085479736328
    },
    {
      "id": 8,
      "seek": 5500,
      "start": 55.0,
      "end": 59.0,
      "text": " schmelzen. Grüße aus Stuttgart.",
      "tokens": [
        50414,
        956,
        10909,
        2904,
        13,
        38908,
        11451,
        3437,
        745,
        13478,
        49330,
        13,
        50564
      ],
      "temperature": 0.0,
      "avg_logprob": -0.2638136148452759,
      "compression_ratio": 0.8048780487804879,
      "no_speech_prob": 0.3134586215019226
    }
  ],
  "language": "de"
}